Plant Name,Hardiness Zone,Sun light,Soil type,Plants type,Growth Habit,Length,Width,Growing season,Colours
Arugula,5a-7b,Partial Shade,Loamy / Sandy,Vegetable,Ground,30,20,Early spring - Late fall,Green
Beans,3a-9b,Partial Shade,Clay / Silt / Loamy,Vegetable,Bush,20,5,Late spring - Early fall,Green
Beets,2a-9b,Partial Shade,Loamy / Sandy,Vegetable,Ground,15,10,Early spring - Late fall,Green
Bok choy,4a-9b,Partial Shade,Loamy / Sandy,Vegetable,Ground,40,30,Early spring - Late fall,Green
Broccoli,3a-9b,Full Sun,Loamy / Clay ,Vegetable,Bush,40,30,Early spring - Late summer,Green
Brussels sprouts,3a-9b,Partial Shade,Loamy / Clay ,Vegetable,Bush,30,20,Late spring - Early fall,Green
Cabbage,3a-9b,Partial Shade,Loamy / Sandy / Clay,Vegetable,Ground,40,30,Early spring - Early fall,Green
Carrots,3a-9b,Partial Shade,Clay / Loamy / Sandy,Vegetable,Ground,30,10,Early spring - Late fall,Green
Cauliflower,3a-9b,Partial Shade,Clay / Loamy,Vegetable,Bush,40,30,Early spring - Early summer/Late summer - Early fall,"Green, White"
Celery,3a-9b,Partial Shade,Loamy / Sandy,Vegetable,Ground,60,10,Late spring - Early fall,Green
Chard,2a-9b,Partial Shade,Clay / Sandy,Vegetable,Ground,50,40,Early spring - Late fall,Green
Collards,3a-9b,Partial Shade,Loamy / Sandy,Vegetable,Ground,50,40, Early spring - Late fall,Green
Endive,4a-9b,Partial Shade,Loamy / Sandy,Vegetable,Ground,40,20,Late fall,Green
Garlic,3a-9b,Partial Shade,Loamy / Sandy,Vegetable,Ground,10,5,Late spring - Early summer,Green
Kale,2a-9b,Partial Shade,Clay / Loamy / Sandy,Vegetable,Ground,40,30,Early spring - Late fall,Green
Kohlrabi,3a-9b,Partial Shade,Loamy / Sandy,Vegetable,Ground,20,20,Early spring - Late fall,Green
Leafy Greens,2a-9b,Partial Shade,Loamy / Sandy,Vegetable,Ground,40,30,Early spring - Late fall,Green
Leek,3a-9b,Partial Shade,Sandy / Loamy,Vegetable,Ground,40,10,Late spring - Early fall,Green
Mustard greens,2a-9b,Partial Shade,Loamy / Sandy,Vegetable,Ground,40,40,Early spring - Late fall,Green
Parsnip,2a-9b,Partial Shade,Loamy / Sandy,Vegetable,Ground,30,8,Early spring - Late fall,Green
Potato,2a-9b,Partial shade,Clay / Sandy / Loamy,Vegetable,Bush,20,10,Late spring - Early fall,Green
Peas,2a-9b,Partial Shade,Clay / Sandy,Vegetable,Bush,20,5,Early spring - Early summer/Late summer - Early fall,Green
Radish,2a-9b,Partial Shade,Sandy / Loamy,Vegetable,Ground,10,4,Early spring - Late fall,Green
Spinach,2a-9b,Partial Shade,Sandy / Loamy,Vegetable,Ground,30,20,Early spring - Late fall,Green
Squash,3a-9b,Partial Shade,Clay / Loamy,Vegetable,Vine,40,30,Late spring - Early fall,"Green, Red"
Tomato,4a-9b,Full Sun,Loamy,Vegetable,Vine,20,10,Late spring - Early fall,Green
Bell pepper,4a-9b,Full Sun,Loamy,Vegetable,Bush,20,10,Late spring - Early fall,"Green, Red, Orange"
Chilli pepper,4a-9b,Full Sun,Loamy,Vegetable,Bush,20,4,Late spring - Early fall,"Green, Red"
Eggplant,4a-9b,Full Sun,Loamy,Vegetable,Bush,30,15,Late spring - Early fall,"Green, Purple"
Cucumber,3a-9b,Full Sun,Loamy,Vegetable,Vine,40,10,Late spring - Early fall,Green
Okra,4a-9b,Full Sun,Loamy,Vegetable,Bush,20,4,Late spring - Early fall,Green
Corn,4a-9b,Full Sun,Loamy,Vegetable,Grass,40,10,Late spring - Early fall,"Green, Yellow"
Zucchini,4a-9b,Full Sun,Loamy,Vegetable,Bush,40,20,Late spring - Early fall,Green
Sweet potato,3a-9b,Full Sun,Loamy,Vegetable,Vine,30,15,Early fall,"Green, Orange"
Pumpkin,5a-9b,Full Sun,Clay,Vegetable,Vine,50,40,Early fall,"Green, Orange"
Basil,3a-9b,Full Sun,Loamy,Herb,Bush,35,34,Late spring - Early fall,Green
Tarragon,4a-9b,Full Sun,Loamy,Herb,Bush,53,38,Late spring - Early fall,Green
Dill,3a-9b,Full Sun,Loamy,Herb,Bush,45,15,Late spring - Early fall,Green
Chives,3a-9b,Full Sun,Loamy,Herb,Ground,25,1.5,Late spring - Early fall,Green
Lavender,3a-9b,Full Sun,Loamy,Herb,Bush,30,7.5,Late spring - Early fall,Green
Oregano,3a-9b,Full Sun,Loamy,Herb,Ground,30,7.5,Late spring - Early fall,Green
Thyme,5a-9b,Full Sun,Loamy,Herb,Ground,22.5,7.5,Late spring - Early fall,Green
Parsley,4a-9b,Full Sun,Loamy,Herb,Ground,22.5,12.5,Late spring - Early fall,Green
Lemon verbana,4a-9b,Full Sun,Loamy,Herb,Bush,45,15,Late spring - Early fall,Green
Lemon balm,4a-9b,Full Sun,Loamy,Herb,Ground,30,15,Late spring - Early fall,Green
Fennel,3a-9b,Full Sun,Loamy,Herb,Bush,45,15,Late spring - Early fall,Green
Sage,3a-8b,Full Sun,Loamy,Herb,Bush,30,15,Late spring - Early fall,Green
Mint,5a-9b,Full Sun,Loamy,Herb,Ground,30,15,Late spring - Early fall,Green
Kiwi,7a-9b,Partial Shade,Loamy,Fruit,Vine,200,200,Early summer - Early fall,Green
Grapes,4a-9b,Full Sun,Loamy,Fruit,Vine,200,200,Late spring - Early fall,"Green, Purple"
Passionfruit,3a-7b,Full Sun,Sandy,Fruit,Vine,250,250,Late spring - Early fall,"Green, Purple"
Melon,5a-8b,Full Sun,Loamy / Sandy,Fruit,Ground,150,140,Late spring - Early fall,"Green, Orange"
Apple,3a-8b,Full Sun,Loamy,Fruit,Tree,550,550,Late summer - Early fall,"Green, Red, Pink"
Peach,3a-7b,Full Sun,Loamy,Fruit,Tree,360,600,Late summer - Early fall,"Green, Orange"
Cherry,3a-8b,Full Sun,Loamy,Fruit,Tree,300,300,Late spring - Early summer,"Green, Red"
Pear,3a-7b,Full Sun,Loamy,Fruit,Tree,450,450,Late summer - Early fall,Green
Plum,3a-8b,Full Sun,Loamy,Fruit,Tree,360,540,Late spring - Early fall,"Green, Purple"
Apricot,5a-8b,Full Sun,Loamy,Fruit,Tree,360,540,Late spring - Early summer,"Green, Orange"
Strawberry,2a-9b,Full Sun,Loamy,Fruit,Ground,50,50,Late spring - Early summer,"Green, Red"
Raspberry,3a-8b,Full Sun,Loamy,Fruit,Bush,150,50,Late spring - Early fall,"Green, Pink"
Cranberry,2a-7b,Partial Shade,Sandy/Peaty,Fruit,Ground,50,50,Late summer - Early fall,"Green, Red"
Blueberry,3a-8b,Partial Shade,Sandy,Fruit,Bush,160,160,Late spring - Early fall,"Green, Blue"
Mulberry,5a-9b,Full Sun,Loamy,Fruit,Tree,750,700,Late spring - Early summer,"Green, Purple"
Haskap Berry,2b-5b,Partial Shade,Loamy,Fruit,Bush,160,160,Late spring - Early summer,"Green, Blue"
Gooseberry,3b-7b,Full Sun,Loamy,Fruit,Bush,130,130,Late spring - Early summer,"Green, Pink"
Saskatoon Berry,2b-7b,Full Sun,Loamy,Fruit,Bush,250,250,Late spring - Early summer,"Green, Blue"
Fig,7b-8a,Full Sun,Loamy,Fruit,Tree,700,700,Late spring - Early summer,"Green, Purple"
Fireweed,1a-9b,Full Sun,Loamy / Sandy,Flower,Bush,60,20,Late spring - Early fall,"Pink, Purple"
Western Red Lily,3a-8b,Full Sun/Partial Shade,Loamy / Sandy,Flower,Ground,90,20,Late spring - Early summer,"Red, Orange"
Blue Flag Iris,3a-9b,Full Sun/Partial Shade,Loamy / Sandy,Flower,Grass,90,20,Late spring - Early summer,"Blue, Purple"
Lady's Slipper,2a-7b,Partial Shade,Loamy,Flower,Ground,40,15,Late spring - Early summer,"Pink, White"
White Trillium,4a-8b,Full Sun/Partial Shade,Loamy,Flower,Ground,22.5,15,Early spring - Late spring,White
Purple Saxifrage,1a-9b,Full Sun,Loamy / Sandy,Flower,Ground,10,7.5,Early spring - Late spring,Purple
Mayflower,2a-8b,Full Sun/Partial Shade,Loamy,Flower,Ground,20,10,Early spring - Late spring,White
Mountain Aven,1a-8b,Full Sun,Sandy,Flower,Ground,20,10,Early spring - Late spring,White
Violet,3a-9b,Full Sun/Partial Shade,Loamy,Flower,Ground,10,7.5,Early spring - Late summer,"Purple, Blue, Yellow, White"
Prairie Crocus,2a-9b,Full Sun,Loamy / Sandy,Flower,Ground,15,7.5,Early spring - Late spring,"Purple, Blue, White"
Pacific Dogwood,5a-9b,Full Sun/Partial Shade,Loamy,Flower,Tree,7.5,7.5,Late spring - Early summer,White
Wild Rose,2a-8b,Full Sun/Partial Shade,Loamy,Flower,Bush,90,60,Late spring - Early fall,"Pink, White"
Lupine,4a-8b,Full Sun,Loamy / Sandy,Flower,Bush,60,20,Late spring - Early summer,"Blue, Pink, Purple, White"
Peony,3a-8b,Full Sun/Partial Shade,Loamy,Flower,Bush,60,60,Late spring - Early summer,"Pink, Red, White, Yellow"
Lilac,2a-8b,Full Sun/Partial Shade,Loamy,Flower,Bush,180,105,Late spring - Early summer,"Purple, Pink, White"
Lily of the Valley,2a-8b,Full Sun/Partial Shade,Loamy,Flower,Ground,15,7.5,Late spring - Early summer,White
Cosmos,2a-11b,Full Sun,Loamy,Flower,Bush,60,30,Late spring - Early fall,"Pink, Purple, White, Red"
Pansy,6a-10b,Full Sun/Partial Shade,Loamy,Flower,Ground,10,10,Late spring - Early summer,"Purple, Yellow, White, Blue, Orange"
Hydrangea,3a-9b,Full Sun/Partial Shade,Loamy,Flower,Bush,60,60,Late spring - Early fall,"Pink, Blue, Purple, White"
Dahlia,8a-11b,Full Sun,Loamy,Flower,Bush,30,30,Late spring - Early fall,"Red, Pink, Yellow, Orange, White, Purple"
Tulip,3a-8b,Full Sun/Partial Shade,Loamy / Sandy,Flower,Ground,30,10,Early spring - Late spring,"Red, Yellow, Pink, Purple, White, Orange"
Sunflower,1a-10b,Full Sun,Loamy,Flower,Vine/Bush,60,30,Late spring - Early fall,Yellow
Geranium,3a-11b,Full Sun/Partial Shade,Loamy,Flower,Bush,30,30,Late spring - Early fall,"Red, Pink, Purple, White"
Snapdragon,6a-11b,Full Sun/Partial Shade,Loamy,Flower,Bush,30,10,Late spring - Early fall,"Red, Pink, Yellow, Orange, White"
Rock Rose,5a-9b,Full Sun,Sandy,Flower,Ground,30,15,Late spring - Early fall,"Pink, White"
Daylily,a-10b,Full Sun/Partial Shade,Loamy,Flower,Ground,30,25,Late spring - Early fall,"Yellow, Orange,  Red, Pink, Purple"
Daisy,3a-10b,Full Sun,Loamy,Flower,Ground,10,10,Late spring - Early fall,"White, Yellow"
Foxglove,4a-10b,Full Sun/Partial Shade,Loamy,Flower,Biennial,60,20,Late spring - Early summer,"Pink, Purple"
Delphinium,3a-10b,Full Sun/Partial Shade,Loamy,Flower,Bush,60,30,Late spring - Early summer,"Blue, Purple, White"
Zinnia,2a-11b,Full Sun,Loamy,Flower,Bush,30,10,Late spring - Early fall,"Red, Pink, Yellow, Orange, White, Purple"
Carnation,3a-10b,Full Sun/Partial Shade,Loamy,Flower,Ground,15,10,Late spring - Early fall,"Red, Yellow, Pink, Purple, White"
Hyacinth,4a-9b,Full Sun/Partial Shade,Loamy,Flower,Ground,20,10,Late winter - Early spring,"Blue, Pink, Purple, White"
Clematis,4a-11b,Full Sun/Partial Shade,Loamy,Flower,Vine,60,20,Late spring - Early fall,"Purple, Blue, Pink, White"
Phlox,4a-9b,Full Sun/Partial Shade,Loamy,Flower,Ground,30,15,Late spring - Early fall,"Pink, Purple, White"
Begonia,10a-11b,Full Sun/Partial Shade,Loamy,Flower,Ground,30,30,Late spring - Early fall,"Red, Pink, White, Yellow, Orange"
Hibiscus,4a-9b,Full Sun/Partial Shade,Loamy,Flower,Bush,30,20,Late spring - Early fall,"Red, Pink, White, Yellow"
Verbena,7a-11b,Full Sun,Loamy,Flower,Ground,30,10,Late spring - Early fall,"Purple, Pink, Red, White"
Chrysanthemum,5a-11b,Full Sun/Partial Shade,Loamy,Flower,Ground,30,15,Late summer - Early fall,"Yellow, White, Pink, Red, Purple"
Borage,3a-10b,Full Sun,Loamy,Flower,Ground,30,20,Late spring - Early fall,Blue
Aster,3a-11b,Full Sun/Partial Shade,Loamy,Flower,Ground,30,15,Late summer - Early fall,"Purple, Blue, Pink, White"
Bleeding Heart,3a-9b,Full Sun/Partial Shade,Loamy,Flower,Bush,30,15,Late spring - Early summer,"Pink, White"
Crocus,3a-8b,Full Sun/Partial Shade,Loamy / Sandy,Flower,Ground,10,5,Late winter - Early spring,"Purple, Yellow, White"
Primrose,2a-9b,Full Sun/Partial Shade,Loamy,Flower,Ground,15,10,Early spring - Late spring,"Yellow, Pink, White, Purple"
Forget me not,3a-8b,Full Sun/Partial Shade,Loamy,Flower,Ground,10,5,Late spring - Early summer,Blue
Snowdrop,3a-8b,Full Sun/Partial Shade,Loamy / Sandy,Flower,Ground,10,5,Late winter - Early spring,White
Balloon Flower,3a-9b,Full Sun/Partial Shade,Loamy,Flower,Ground,30,10,Late spring - Early summer,"Blue, Purple, White"
Gaura,5a-10b,Full Sun/Partial Shade,Loamy / Sandy,Flower,Ground,60,20,Late spring - Early fall,White
Bee Balm,3a-9b,Full Sun/Partial Shade,Loamy,Flower,Ground,30,10,Late spring - Early fall,"Red, Pink, Purple"
Sweet William,3a-9b,Full Sun/Partial Shade,Loamy,Flower,Ground,30,15,Late spring - Early summer,"Red, Pink, White, Purple"
